period,model,MAPE_%,RMSE,MAE,Bias,n
Pre-shock (to Dec 2021),GradientBoosting,0.3294,0.4905,0.3777,-0.1539,21.0
Pre-shock (to Dec 2021),Lasso,0.347,0.503,0.3978,-0.1565,21.0
Pre-shock (to Dec 2021),Naive-drift,0.2814,0.3927,0.3221,-0.1276,21.0
Pre-shock (to Dec 2021),OLS-trend,0.2663,0.4353,0.3059,-0.1835,21.0
Pre-shock (to Dec 2021),RandomForest,0.3334,0.4877,0.3822,-0.141,21.0
Pre-shock (to Dec 2021),SARIMA,0.4047,0.6204,0.4643,-0.4035,21.0
Pre-shock (to Dec 2021),SVR,0.3655,0.5581,0.4194,-0.2042,21.0
Shock (Jan 2022 - Jun 2023),GradientBoosting,1.0352,1.6519,1.2779,-0.1343,54.0
Shock (Jan 2022 - Jun 2023),Lasso,1.2031,1.9027,1.4842,-0.402,54.0
Shock (Jan 2022 - Jun 2023),Naive-drift,1.2306,1.7869,1.5259,0.1252,54.0
Shock (Jan 2022 - Jun 2023),OLS-trend,3.9517,5.2519,4.9335,-4.9335,54.0
Shock (Jan 2022 - Jun 2023),RandomForest,1.096,1.7185,1.3499,-0.414,54.0
Shock (Jan 2022 - Jun 2023),SARIMA,1.1182,1.7362,1.3786,-0.6669,54.0
Shock (Jan 2022 - Jun 2023),SVR,1.1213,1.693,1.3843,-0.3132,54.0
Normalisation (Jul 2023 on),GradientBoosting,0.3354,0.5797,0.4506,-0.2359,99.0
Normalisation (Jul 2023 on),Lasso,0.3002,0.511,0.4032,0.016,99.0
Normalisation (Jul 2023 on),Naive-drift,0.3221,0.5412,0.4337,-0.087,99.0
Normalisation (Jul 2023 on),OLS-trend,1.3882,2.0563,1.8455,-1.8455,99.0
Normalisation (Jul 2023 on),RandomForest,0.3399,0.5923,0.4568,-0.2779,99.0
Normalisation (Jul 2023 on),SARIMA,0.3459,0.5729,0.4647,-0.0668,99.0
Normalisation (Jul 2023 on),SVR,0.2488,0.4488,0.3329,-0.0938,99.0
