model,h,MAPE_%,RMSE,MAE,Bias,n
GradientBoosting,1,0.2923,0.464,0.3676,-0.112,58.0
GradientBoosting,2,0.5752,0.9879,0.7275,-0.182,58.0
GradientBoosting,3,0.788,1.4178,1.0006,-0.2894,58.0
Lasso,1,0.3268,0.5301,0.4105,-0.0775,58.0
Lasso,2,0.5692,0.9903,0.7166,-0.1346,58.0
Lasso,3,0.8621,1.6268,1.0871,-0.1915,58.0
Naive-drift,1,0.3413,0.5521,0.4308,-0.0032,58.0
Naive-drift,2,0.6065,1.026,0.7675,-0.0215,58.0
Naive-drift,3,0.8495,1.4734,1.0792,-0.0534,58.0
OLS-trend,1,1.9245,3.1219,2.4567,-2.4358,58.0
OLS-trend,2,2.0469,3.31,2.6155,-2.598,58.0
OLS-trend,3,2.1736,3.502,2.7819,-2.776,58.0
RandomForest,1,0.3239,0.5139,0.4069,-0.1591,58.0
RandomForest,2,0.5679,0.9746,0.7179,-0.2517,58.0
RandomForest,3,0.8294,1.4901,1.0502,-0.5,58.0
SARIMA,1,0.3256,0.5408,0.4088,-0.1559,58.0
SARIMA,2,0.6078,1.0269,0.7678,-0.2899,58.0
SARIMA,3,0.8446,1.4694,1.0682,-0.4353,58.0
SVR,1,0.2883,0.469,0.3617,-0.0624,58.0
SVR,2,0.5548,0.9479,0.6973,-0.1703,58.0
SVR,3,0.7579,1.4166,0.95,-0.2931,58.0
